﻿<?xml version="1.0" encoding="utf-8"?>
<key id="148627af-81e1-4e25-8138-755b3aa55987" version="1">
  <creationDate>2025-06-20T03:43:08.310438Z</creationDate>
  <activationDate>2025-06-20T03:43:08.3004969Z</activationDate>
  <expirationDate>2025-09-18T03:43:08.3004969Z</expirationDate>
  <descriptor deserializerType="Microsoft.AspNetCore.DataProtection.AuthenticatedEncryption.ConfigurationModel.AuthenticatedEncryptorDescriptorDeserializer, Microsoft.AspNetCore.DataProtection, Version=8.0.0.0, Culture=neutral, PublicKeyToken=adb9793829ddae60">
    <descriptor>
      <encryption algorithm="AES_256_CBC" />
      <validation algorithm="HMACSHA256" />
      <masterKey p4:requiresEncryption="true" xmlns:p4="http://schemas.asp.net/2015/03/dataProtection">
        <!-- Warning: the key below is in an unencrypted form. -->
        <value>A67M3bB2Krg9RxguEbJsbpFvJol5CJ8dYVGqRttJ5b7AaFfYzAKLTEICVW2s9xIo9XJ0g/ljg/tM+pzwe41yww==</value>
      </masterKey>
    </descriptor>
  </descriptor>
</key>