﻿<?xml version="1.0" encoding="utf-8"?>
<key id="2c4b636c-4790-427b-bbaa-ea2aa9dc71cc" version="1">
  <creationDate>2025-02-10T02:03:48.6732743Z</creationDate>
  <activationDate>2025-02-10T02:03:48.6684787Z</activationDate>
  <expirationDate>2025-05-11T02:03:48.6684787Z</expirationDate>
  <descriptor deserializerType="Microsoft.AspNetCore.DataProtection.AuthenticatedEncryption.ConfigurationModel.AuthenticatedEncryptorDescriptorDeserializer, Microsoft.AspNetCore.DataProtection, Version=8.0.0.0, Culture=neutral, PublicKeyToken=adb9793829ddae60">
    <descriptor>
      <encryption algorithm="AES_256_CBC" />
      <validation algorithm="HMACSHA256" />
      <masterKey p4:requiresEncryption="true" xmlns:p4="http://schemas.asp.net/2015/03/dataProtection">
        <!-- Warning: the key below is in an unencrypted form. -->
        <value>qSgrbuuNXnf1jOt2xBzATT6gGBS3wVtF3xptq4H5LGH/cHa5AJSMH8dMkjn46dM5TrmffLwmqhoROpup2XVMJw==</value>
      </masterKey>
    </descriptor>
  </descriptor>
</key>